{
  "configuration": {
    "n_splats": 100000,
    "queries": 1000,
    "device": "cpu",
    "k": 64
  },
  "results": {
    "Linear Search (O(N))": {
      "name": "Linear Search (O(N))",
      "total_time_s": 94.7870020866394,
      "avg_latency_ms": 94.7870020866394,
      "throughput_qps": 10.549969700338838
    },
    "M2M (HRM2 + KNN)": {
      "name": "M2M (HRM2 + KNN, K=64)",
      "n_splats": 100000,
      "total_time_s": 0.9873881340026855,
      "avg_latency_ms": 0.9873881340026855,
      "throughput_qps": 1012.772956817081,
      "speedup_vs_linear": 32.40873461814659
    }
  },
  "comparison": {
    "speedup": 95.99771237111261,
    "throughput_improvement": 9499.771237111261
  }
}