{
  "original_count": 10000,
  "splat_count": 1049,
  "compression_ratio": 9.532888465204957,
  "original_size_mb": 24.4140625,
  "compressed_size_mb": 2.6533355712890625,
  "memory_savings_pct": 89.1319375
}