{
  "configuration": {
    "n_splats": 100000,
    "queries": 1000,
    "device": "cpu",
    "k": 64
  },
  "results": {
    "Linear Search (O(N))": {
      "name": "Linear Search (O(N))",
      "total_time_s": 93.52909755706787,
      "avg_latency_ms": 93.52909755706787,
      "throughput_qps": 10.69185981816876
    },
    "M2M (HRM2 + KNN)": {
      "name": "M2M (HRM2 + KNN, K=64)",
      "n_splats": 100000,
      "total_time_s": 0.5186808109283447,
      "avg_latency_ms": 0.5186808109283447,
      "throughput_qps": 1927.9679890416248,
      "speedup_vs_linear": 61.694975649331994
    }
  },
  "comparison": {
    "speedup": 180.32110613397808,
    "throughput_improvement": 17932.11061339781
  }
}