{
  "original_count": 10000,
  "splat_count": 1093,
  "compression_ratio": 9.149130832570906,
  "original_size_mb": 24.4140625,
  "compressed_size_mb": 2.7614288330078125,
  "memory_savings_pct": 88.6891875
}